Ariel_Sharon,Ariel_Sharon,Ariel_Sharon,Ariel_Sharon,Ariel_Sharon,Hugo_Chavez,Hugo_Chavez,Hugo_Chavez,Hugo_Chavez,Hugo_Chavez
Arnold_Schwarzenegger,Arnold_Schwarzenegger,Arnold_Schwarzenegger,Arnold_Schwarzenegger,Arnold_Schwarzenegger
Colin_Powell,Colin_Powell,Colin_Powell,Colin_Powell,Colin_Powell
Donald_Rumsfeld,Donald_Rumsfeld,Donald_Rumsfeld,Donald_Rumsfeld,Donald_Rumsfeld
George_W_Bush,George_W_Bush,George_W_Bush,George_W_Bush,George_W_Bush
Gerhard_Schroeder,Gerhard_Schroeder
Gerhard_Schroeder,Gerhard_Schroeder,Gerhard_Schroeder
Jacques_Chirac,Jacques_Chirac,Jacques_Chirac,Jacques_Chirac,Jacques_Chirac
Tony_Blair,Tony_Blair,Tony_Blair,Tony_Blair,Tony_Blair
Vladimir_Putin,Vladimir_Putin,Vladimir_Putin,Vladimir_Putin
